{
  "data": [
    {
      "owner": "8c6a337a-0c04-3bf3-9924-ca3a68223361",
      "firstGrave": {
        "dimension": {
          "field_13353": "minecraft",
          "field_13355": "overworld"
        },
        "posX": 201,
        "posY": 139,
        "posZ": -53
      },
      "secondGrave": {
        "dimension": {
          "field_13353": "minecraft",
          "field_13355": "overworld"
        },
        "posX": 0,
        "posY": 0,
        "posZ": 0
      },
      "thirdGrave": {
        "dimension": {
          "field_13353": "minecraft",
          "field_13355": "overworld"
        },
        "posX": 0,
        "posY": 0,
        "posZ": 0
      }
    },
    {
      "owner": "7f63addf-a89c-39a0-bf8a-3d5047b2ea2e",
      "firstGrave": {
        "dimension": {
          "field_13353": "minecraft",
          "field_13355": "overworld"
        },
        "posX": 118,
        "posY": 127,
        "posZ": -31
      },
      "secondGrave": {
        "dimension": {
          "field_13353": "minecraft",
          "field_13355": "overworld"
        },
        "posX": 169,
        "posY": 128,
        "posZ": -50
      },
      "thirdGrave": {
        "dimension": {
          "field_13353": "minecraft",
          "field_13355": "overworld"
        },
        "posX": 216,
        "posY": 141,
        "posZ": -84
      }
    }
  ]
}