{"stats":{"minecraft:dropped":{"minecraft:wooden_pickaxe":1},"minecraft:crafted":{"minecraft:cooked_porkchop":8,"minecraft:crafting_table":2,"minecraft:spruce_planks":24,"minecraft:stick":8,"minecraft:iron_ingot":6,"minecraft:wooden_pickaxe":1,"minecraft:stone_pickaxe":1,"minecraft:wooden_axe":1,"minecraft:furnace":2,"minecraft:torch":16,"minecraft:stone_axe":1,"minecraft:cooked_rabbit":1,"minecraft:air":0,"minecraft:cooked_mutton":1},"minecraft:mined":{"minecraft:furnace":2,"minecraft:iron_ore":44,"minecraft:birch_log":26,"minecraft:spruce_log":48,"biomesoplenty:fir_log":168,"minecraft:cornflower":3,"minecraft:crafting_table":2,"minecraft:torch":1,"minecraft:grass_block":1,"minecraft:short_grass":2,"minecraft:coal_ore":17,"minecraft:oak_log":16,"minecraft:rose_bush":4,"minecraft:dirt":4,"minecraft:cobblestone":3,"minecraft:stone":76,"minecraft:fern":1},"minecraft:picked_up":{"minecraft:birch_log":26,"minecraft:raw_iron":44,"minecraft:stick":41,"minecraft:crafting_table":1,"minecraft:torch":1,"biomesoplenty:fir_sapling":45,"biomesoplenty:fir_log":168,"minecraft:porkchop":8,"minecraft:oak_log":16,"minecraft:spruce_sapling":17,"minecraft:spruce_log":48,"minecraft:dirt":19,"minecraft:cornflower":3,"minecraft:rotten_flesh":13,"minecraft:apple":1,"minecraft:rose_bush":3,"minecraft:rabbit":1,"minecraft:oak_sapling":7,"minecraft:birch_sapling":13,"minecraft:mutton":1,"minecraft:coal":17,"minecraft:white_wool":1,"minecraft:cobblestone":90,"minecraft:furnace":1},"minecraft:broken":{"minecraft:stone_pickaxe":1},"minecraft:used":{"minecraft:cooked_mutton":1,"minecraft:wooden_axe":2,"minecraft:apple":1,"minecraft:stone_pickaxe":132,"minecraft:wooden_pickaxe":11,"minecraft:torch":1,"minecraft:stone_axe":57,"minecraft:dirt":7,"minecraft:crafting_table":3,"minecraft:furnace":3,"minecraft:cooked_porkchop":2,"minecraft:cooked_rabbit":1},"minecraft:killed":{"minecraft:sheep":1,"minecraft:pig":4,"minecraft:zombie":9,"minecraft:rabbit":1},"minecraft:custom":{"minecraft:time_since_rest":29142,"minecraft:interact_with_furnace":13,"minecraft:sprint_one_cm":43876,"minecraft:damage_taken":333,"minecraft:walk_one_cm":121191,"minecraft:mob_kills":15,"minecraft:drop":1,"minecraft:damage_dealt":2303,"minecraft:interact_with_crafting_table":6,"minecraft:fly_one_cm":26950,"minecraft:crouch_one_cm":374,"minecraft:play_time":29142,"minecraft:sneak_time":46,"minecraft:jump":472,"minecraft:time_since_death":29142,"minecraft:total_world_time":29142,"minecraft:fall_one_cm":5677}},"DataVersion":3953}