{"stats":{"minecraft:dropped":{"minecraft:cooked_porkchop":2,"minecraft:rotten_flesh":13,"minecraft:wooden_pickaxe":1},"minecraft:crafted":{"minecraft:cooked_porkchop":8,"minecraft:crafting_table":3,"minecraft:spruce_planks":28,"minecraft:iron_helmet":1,"minecraft:wooden_pickaxe":1,"minecraft:iron_sword":1,"minecraft:furnace":3,"minecraft:stone_axe":1,"minecraft:cooked_mutton":1,"minecraft:air":0,"minecraft:iron_boots":1,"minecraft:iron_chestplate":1,"minecraft:shield":1,"minecraft:iron_axe":1,"minecraft:stick":8,"minecraft:iron_ingot":44,"minecraft:iron_pickaxe":1,"minecraft:stone_pickaxe":1,"minecraft:wooden_axe":1,"minecraft:iron_leggings":1,"minecraft:torch":36,"minecraft:cooked_rabbit":1},"minecraft:mined":{"minecraft:crafting_table":5,"minecraft:cornflower":3,"minecraft:torch":3,"minecraft:short_grass":4,"minecraft:emerald_ore":2,"minecraft:grass_block":1,"minecraft:rose_bush":4,"minecraft:cobblestone":3,"minecraft:moss_block":3,"minecraft:wall_torch":1,"minecraft:furnace":4,"minecraft:birch_log":26,"minecraft:iron_ore":88,"minecraft:sweet_berry_bush":14,"minecraft:spruce_log":48,"biomesoplenty:fir_log":168,"minecraft:oak_log":37,"minecraft:coal_ore":37,"minecraft:dirt":4,"minecraft:stone":76,"minecraft:fern":1},"minecraft:picked_up":{"minecraft:birch_log":26,"minecraft:crafting_table":4,"biomesoplenty:fir_sapling":45,"biomesoplenty:fir_log":168,"minecraft:oak_log":37,"minecraft:string":2,"minecraft:cornflower":3,"minecraft:dirt":19,"minecraft:moss_carpet":1,"minecraft:bone":4,"minecraft:apple":3,"minecraft:iron_ingot":1,"minecraft:rose_bush":3,"minecraft:rabbit":1,"minecraft:moss_block":3,"minecraft:birch_sapling":13,"minecraft:furnace":3,"minecraft:stick":49,"minecraft:raw_iron":113,"minecraft:cooked_porkchop":1,"minecraft:sweet_berries":35,"minecraft:torch":4,"minecraft:porkchop":8,"minecraft:spruce_sapling":17,"minecraft:spruce_log":48,"minecraft:arrow":2,"minecraft:rotten_flesh":13,"minecraft:emerald":2,"minecraft:oak_sapling":17,"minecraft:mutton":1,"minecraft:coal":67,"minecraft:white_wool":1,"minecraft:cobblestone":90},"minecraft:broken":{"minecraft:stone_pickaxe":1},"minecraft:used":{"minecraft:cooked_mutton":1,"minecraft:stone_pickaxe":132,"minecraft:wooden_pickaxe":11,"minecraft:iron_sword":19,"minecraft:torch":7,"minecraft:dirt":7,"minecraft:crafting_table":6,"minecraft:wooden_axe":2,"minecraft:apple":1,"minecraft:iron_pickaxe":72,"minecraft:stone_axe":74,"minecraft:furnace":5,"minecraft:cooked_porkchop":6,"minecraft:cooked_rabbit":1},"minecraft:killed":{"minecraft:pig":4,"minecraft:zombie_villager":1,"minecraft:rabbit":1,"minecraft:spider":1,"minecraft:skeleton":1,"minecraft:sheep":1,"minecraft:goat":2,"minecraft:zombie":10},"minecraft:custom":{"minecraft:interact_with_furnace":42,"minecraft:mob_kills":21,"minecraft:interact_with_crafting_table":19,"minecraft:time_since_death":53142,"minecraft:time_since_rest":53142,"minecraft:sprint_one_cm":77339,"minecraft:damage_taken":639,"minecraft:walk_one_cm":205149,"minecraft:drop":4,"minecraft:damage_dealt":3184,"minecraft:fly_one_cm":50536,"minecraft:crouch_one_cm":622,"minecraft:play_time":53142,"minecraft:sneak_time":76,"minecraft:jump":893,"minecraft:total_world_time":53142,"minecraft:fall_one_cm":15420}},"DataVersion":3953}