{"stats":{"minecraft:dropped":{"minecraft:wooden_pickaxe":1},"minecraft:crafted":{"minecraft:cooked_porkchop":8,"minecraft:crafting_table":3,"minecraft:spruce_planks":24,"minecraft:iron_helmet":1,"minecraft:wooden_pickaxe":1,"minecraft:iron_sword":1,"minecraft:furnace":3,"minecraft:stone_axe":1,"minecraft:cooked_mutton":1,"minecraft:air":0,"minecraft:iron_boots":1,"minecraft:iron_chestplate":1,"minecraft:iron_axe":1,"minecraft:stick":8,"minecraft:iron_ingot":40,"minecraft:iron_pickaxe":1,"minecraft:stone_pickaxe":1,"minecraft:wooden_axe":1,"minecraft:iron_leggings":1,"minecraft:torch":36,"minecraft:cooked_rabbit":1},"minecraft:mined":{"minecraft:crafting_table":3,"minecraft:cornflower":3,"minecraft:torch":3,"minecraft:short_grass":4,"minecraft:emerald_ore":1,"minecraft:grass_block":1,"minecraft:rose_bush":4,"minecraft:cobblestone":3,"minecraft:moss_block":3,"minecraft:wall_torch":1,"minecraft:furnace":3,"minecraft:birch_log":26,"minecraft:iron_ore":88,"minecraft:spruce_log":48,"biomesoplenty:fir_log":168,"minecraft:oak_log":16,"minecraft:coal_ore":37,"minecraft:dirt":4,"minecraft:stone":76,"minecraft:fern":1},"minecraft:picked_up":{"minecraft:birch_log":26,"minecraft:crafting_table":2,"biomesoplenty:fir_sapling":45,"biomesoplenty:fir_log":168,"minecraft:oak_log":16,"minecraft:string":2,"minecraft:cornflower":3,"minecraft:dirt":19,"minecraft:moss_carpet":1,"minecraft:apple":1,"minecraft:rose_bush":3,"minecraft:rabbit":1,"minecraft:moss_block":3,"minecraft:birch_sapling":13,"minecraft:furnace":2,"minecraft:stick":41,"minecraft:raw_iron":88,"minecraft:torch":4,"minecraft:porkchop":8,"minecraft:spruce_sapling":17,"minecraft:spruce_log":48,"minecraft:rotten_flesh":13,"minecraft:emerald":1,"minecraft:oak_sapling":7,"minecraft:mutton":1,"minecraft:coal":47,"minecraft:white_wool":1,"minecraft:cobblestone":90},"minecraft:broken":{"minecraft:stone_pickaxe":1},"minecraft:used":{"minecraft:cooked_mutton":1,"minecraft:stone_pickaxe":132,"minecraft:wooden_pickaxe":11,"minecraft:iron_sword":9,"minecraft:torch":5,"minecraft:dirt":7,"minecraft:crafting_table":5,"minecraft:wooden_axe":2,"minecraft:apple":1,"minecraft:iron_pickaxe":70,"minecraft:stone_axe":58,"minecraft:furnace":5,"minecraft:cooked_porkchop":4,"minecraft:cooked_rabbit":1},"minecraft:killed":{"minecraft:pig":4,"minecraft:rabbit":1,"minecraft:spider":1,"minecraft:sheep":1,"minecraft:zombie":10},"minecraft:custom":{"minecraft:interact_with_furnace":39,"minecraft:mob_kills":17,"minecraft:interact_with_crafting_table":18,"minecraft:time_since_death":41142,"minecraft:time_since_rest":41142,"minecraft:sprint_one_cm":50926,"minecraft:damage_taken":535,"minecraft:walk_one_cm":156014,"minecraft:drop":1,"minecraft:damage_dealt":2754,"minecraft:fly_one_cm":36063,"minecraft:crouch_one_cm":424,"minecraft:play_time":41142,"minecraft:sneak_time":51,"minecraft:jump":675,"minecraft:total_world_time":41142,"minecraft:fall_one_cm":10044}},"DataVersion":3953}