{"stats":{"minecraft:dropped":{"minecraft:wooden_pickaxe":1},"minecraft:crafted":{"minecraft:crafting_table":2,"minecraft:spruce_planks":24,"minecraft:stick":8,"minecraft:wooden_pickaxe":1,"minecraft:stone_pickaxe":1,"minecraft:wooden_axe":1,"minecraft:furnace":1,"minecraft:torch":16,"minecraft:stone_axe":1,"minecraft:cooked_rabbit":1,"minecraft:air":0,"minecraft:cooked_mutton":1},"minecraft:mined":{"minecraft:furnace":1,"minecraft:birch_log":19,"minecraft:spruce_log":48,"biomesoplenty:fir_log":168,"minecraft:cornflower":3,"minecraft:crafting_table":2,"minecraft:torch":1,"minecraft:short_grass":1,"minecraft:coal_ore":16,"minecraft:oak_log":16,"minecraft:rose_bush":4,"minecraft:stone":43,"minecraft:fern":1},"minecraft:picked_up":{"minecraft:birch_log":19,"minecraft:stick":40,"minecraft:crafting_table":1,"minecraft:torch":1,"biomesoplenty:fir_sapling":45,"biomesoplenty:fir_log":168,"minecraft:oak_log":16,"minecraft:spruce_sapling":17,"minecraft:spruce_log":48,"minecraft:cornflower":3,"minecraft:rotten_flesh":5,"minecraft:apple":1,"minecraft:rose_bush":3,"minecraft:rabbit":1,"minecraft:oak_sapling":6,"minecraft:birch_sapling":10,"minecraft:mutton":1,"minecraft:coal":16,"minecraft:white_wool":1,"minecraft:cobblestone":43,"minecraft:furnace":1},"minecraft:used":{"minecraft:cooked_mutton":1,"minecraft:wooden_axe":2,"minecraft:apple":1,"minecraft:stone_pickaxe":49,"minecraft:wooden_pickaxe":11,"minecraft:torch":1,"minecraft:stone_axe":31,"minecraft:crafting_table":2,"minecraft:furnace":1,"minecraft:cooked_rabbit":1},"minecraft:killed":{"minecraft:sheep":1,"minecraft:zombie":3,"minecraft:rabbit":1},"minecraft:custom":{"minecraft:time_since_rest":17142,"minecraft:interact_with_furnace":3,"minecraft:sprint_one_cm":32307,"minecraft:damage_taken":205,"minecraft:walk_one_cm":80645,"minecraft:mob_kills":5,"minecraft:drop":1,"minecraft:damage_dealt":848,"minecraft:interact_with_crafting_table":4,"minecraft:fly_one_cm":17917,"minecraft:crouch_one_cm":326,"minecraft:play_time":17142,"minecraft:sneak_time":41,"minecraft:jump":303,"minecraft:time_since_death":17142,"minecraft:total_world_time":17142,"minecraft:fall_one_cm":3815}},"DataVersion":3953}