{"stats":{"minecraft:dropped":{"minecraft:wooden_axe":1,"minecraft:crafting_table":1,"minecraft:wooden_pickaxe":1},"minecraft:crafted":{"minecraft:crafting_table":1,"minecraft:spruce_planks":28,"minecraft:stick":12,"minecraft:wooden_pickaxe":1,"minecraft:stone_pickaxe":1,"minecraft:wooden_axe":1,"minecraft:stone_sword":1,"minecraft:stone_axe":1},"minecraft:mined":{"minecraft:iron_ore":8,"minecraft:spruce_log":7,"minecraft:crafting_table":3,"minecraft:short_grass":3,"minecraft:grass_block":1,"minecraft:coal_ore":33,"minecraft:stone":12,"minecraft:oak_leaves":1,"minecraft:fern":1},"minecraft:picked_up":{"minecraft:raw_iron":8,"minecraft:crafting_table":5,"minecraft:spruce_sapling":2,"minecraft:spruce_log":7,"minecraft:string":1,"minecraft:spider_eye":1,"minecraft:dirt":1,"minecraft:coal":33,"minecraft:cobblestone":13},"minecraft:killed_by":{"minecraft:skeleton":3},"minecraft:used":{"minecraft:wooden_axe":2,"minecraft:stone_sword":14,"minecraft:stone_pickaxe":50,"minecraft:wooden_pickaxe":3,"minecraft:stone_axe":1,"minecraft:crafting_table":4},"minecraft:killed":{"minecraft:spider":2},"minecraft:custom":{"minecraft:time_since_rest":6826,"minecraft:sprint_one_cm":43155,"minecraft:damage_taken":915,"minecraft:walk_one_cm":52464,"minecraft:mob_kills":2,"minecraft:drop":3,"minecraft:damage_dealt":579,"minecraft:interact_with_crafting_table":8,"minecraft:fly_one_cm":43706,"minecraft:play_time":22067,"minecraft:deaths":3,"minecraft:jump":474,"minecraft:leave_game":2,"minecraft:time_since_death":6792,"minecraft:total_world_time":22067,"minecraft:fall_one_cm":3706,"minecraft:gravestones_collected":2}},"DataVersion":3953}