{"stats":{"minecraft:dropped":{"minecraft:wooden_axe":1,"minecraft:crafting_table":1,"minecraft:wooden_pickaxe":1},"minecraft:crafted":{"minecraft:crafting_table":1,"minecraft:spruce_planks":28,"minecraft:stick":12,"minecraft:iron_pickaxe":1,"minecraft:iron_ingot":3,"minecraft:wooden_pickaxe":1,"minecraft:stone_pickaxe":1,"minecraft:wooden_axe":1,"minecraft:stone_sword":1,"minecraft:stone_axe":1},"minecraft:mined":{"minecraft:iron_ore":34,"minecraft:spruce_log":7,"minecraft:crafting_table":3,"minecraft:short_grass":3,"minecraft:emerald_ore":1,"minecraft:grass_block":1,"minecraft:coal_ore":86,"minecraft:cobblestone":4,"minecraft:stone":12,"minecraft:oak_leaves":1,"minecraft:fern":1},"minecraft:picked_up":{"minecraft:raw_iron":34,"minecraft:crafting_table":5,"minecraft:spruce_sapling":2,"minecraft:spruce_log":7,"minecraft:string":1,"minecraft:spider_eye":1,"minecraft:dirt":1,"minecraft:iron_ingot":2,"minecraft:emerald":1,"minecraft:coal":86,"minecraft:cobblestone":17},"minecraft:killed_by":{"minecraft:skeleton":3},"minecraft:used":{"minecraft:wooden_axe":2,"minecraft:stone_sword":14,"minecraft:stone_pickaxe":50,"minecraft:iron_pickaxe":84,"minecraft:wooden_pickaxe":3,"minecraft:stone_axe":1,"minecraft:crafting_table":4},"minecraft:killed":{"minecraft:spider":2},"minecraft:custom":{"minecraft:time_since_rest":18826,"minecraft:interact_with_furnace":17,"minecraft:sprint_one_cm":49337,"minecraft:damage_taken":915,"minecraft:walk_one_cm":83171,"minecraft:mob_kills":2,"minecraft:drop":3,"minecraft:damage_dealt":579,"minecraft:interact_with_crafting_table":17,"minecraft:fly_one_cm":50122,"minecraft:play_time":34067,"minecraft:deaths":3,"minecraft:walk_under_water_one_cm":184,"minecraft:jump":648,"minecraft:leave_game":2,"minecraft:walk_on_water_one_cm":1893,"minecraft:time_since_death":18792,"minecraft:total_world_time":34067,"minecraft:fall_one_cm":4184,"minecraft:gravestones_collected":2}},"DataVersion":3953}