{"stats":{"minecraft:dropped":{"minecraft:wooden_axe":1,"minecraft:crafting_table":1,"minecraft:wooden_pickaxe":1},"minecraft:crafted":{"minecraft:crafting_table":1,"minecraft:spruce_planks":28,"minecraft:stick":12,"minecraft:wooden_pickaxe":1,"minecraft:stone_pickaxe":1,"minecraft:wooden_axe":1,"minecraft:stone_sword":1,"minecraft:stone_axe":1},"minecraft:mined":{"minecraft:spruce_log":7,"minecraft:crafting_table":3,"minecraft:short_grass":2,"minecraft:grass_block":1,"minecraft:stone":12,"minecraft:fern":1},"minecraft:picked_up":{"minecraft:crafting_table":5,"minecraft:spruce_sapling":2,"minecraft:spruce_log":7,"minecraft:dirt":1,"minecraft:spider_eye":1,"minecraft:string":1,"minecraft:cobblestone":13},"minecraft:killed_by":{"minecraft:skeleton":1},"minecraft:used":{"minecraft:wooden_axe":2,"minecraft:stone_sword":10,"minecraft:stone_pickaxe":9,"minecraft:wooden_pickaxe":3,"minecraft:stone_axe":1,"minecraft:crafting_table":4},"minecraft:killed":{"minecraft:spider":2},"minecraft:custom":{"minecraft:time_since_rest":1644,"minecraft:sprint_one_cm":26001,"minecraft:damage_taken":335,"minecraft:walk_one_cm":24373,"minecraft:mob_kills":2,"minecraft:drop":3,"minecraft:damage_dealt":448,"minecraft:interact_with_crafting_table":8,"minecraft:fly_one_cm":24958,"minecraft:play_time":10352,"minecraft:deaths":1,"minecraft:jump":238,"minecraft:leave_game":1,"minecraft:time_since_death":1614,"minecraft:total_world_time":10352,"minecraft:fall_one_cm":1639,"minecraft:gravestones_collected":1}},"DataVersion":3953}