{"stats":{"minecraft:dropped":{"minecraft:wooden_axe":1,"minecraft:crafting_table":1,"minecraft:wooden_pickaxe":1},"minecraft:crafted":{"minecraft:crafting_table":1,"minecraft:spruce_planks":28,"minecraft:stick":12,"minecraft:wooden_pickaxe":1,"minecraft:iron_ingot":3,"minecraft:iron_pickaxe":1,"minecraft:stone_pickaxe":1,"minecraft:wooden_axe":1,"minecraft:stone_sword":1,"minecraft:furnace":1,"minecraft:stone_axe":1},"minecraft:mined":{"minecraft:iron_ore":40,"minecraft:spruce_log":7,"minecraft:moss_carpet":1,"minecraft:crafting_table":3,"minecraft:short_grass":3,"minecraft:emerald_ore":1,"minecraft:grass_block":1,"minecraft:coal_ore":125,"minecraft:cobblestone":4,"minecraft:stone":13,"minecraft:moss_block":2,"minecraft:oak_leaves":1,"minecraft:fern":1},"minecraft:picked_up":{"minecraft:raw_iron":40,"minecraft:crafting_table":5,"minecraft:spruce_sapling":2,"minecraft:spruce_log":7,"minecraft:moss_carpet":2,"minecraft:dirt":1,"minecraft:spider_eye":1,"minecraft:string":1,"minecraft:iron_ingot":2,"minecraft:emerald":1,"minecraft:moss_block":2,"minecraft:coal":125,"minecraft:cobblestone":18},"minecraft:killed_by":{"minecraft:skeleton":3},"minecraft:used":{"minecraft:wooden_axe":2,"minecraft:stone_sword":14,"minecraft:stone_pickaxe":50,"minecraft:iron_pickaxe":130,"minecraft:wooden_pickaxe":3,"minecraft:stone_axe":1,"minecraft:dirt":1,"minecraft:cobblestone":1,"minecraft:crafting_table":4,"minecraft:furnace":1},"minecraft:killed":{"minecraft:spider":2},"minecraft:custom":{"minecraft:time_since_rest":30638,"minecraft:interact_with_furnace":27,"minecraft:sprint_one_cm":50180,"minecraft:damage_taken":915,"minecraft:walk_one_cm":97915,"minecraft:mob_kills":2,"minecraft:drop":3,"minecraft:damage_dealt":579,"minecraft:interact_with_crafting_table":18,"minecraft:fly_one_cm":50718,"minecraft:play_time":45879,"minecraft:deaths":3,"minecraft:walk_under_water_one_cm":184,"minecraft:jump":700,"minecraft:leave_game":3,"minecraft:time_since_death":30604,"minecraft:walk_on_water_one_cm":1893,"minecraft:total_world_time":45879,"minecraft:fall_one_cm":4451,"minecraft:gravestones_collected":2}},"DataVersion":3953}