{"stats":{"minecraft:dropped":{"minecraft:iron_ingot":4,"minecraft:crafting_table":1,"minecraft:rotten_flesh":8},"minecraft:crafted":{"minecraft:stone_shovel":1,"minecraft:iron_chestplate":1,"minecraft:iron_helmet":1,"minecraft:iron_pickaxe":1,"minecraft:iron_ingot":28,"minecraft:stone_pickaxe":3,"minecraft:stone_sword":1,"minecraft:iron_leggings":1,"minecraft:campfire":1,"minecraft:stone_axe":1,"minecraft:cooked_rabbit":1},"minecraft:mined":{"minecraft:large_fern":5,"minecraft:furnace":1,"minecraft:mossy_cobblestone":7,"minecraft:iron_ore":28,"minecraft:andesite":1,"minecraft:spruce_log":24,"minecraft:moss_carpet":2,"minecraft:glow_lichen":1,"biomesoplenty:fir_log":37,"minecraft:crafting_table":2,"minecraft:short_grass":5,"minecraft:emerald_ore":1,"minecraft:oak_log":12,"minecraft:grass_block":4,"minecraft:coal_ore":46,"minecraft:gravel":2,"minecraft:dirt":31,"minecraft:cobblestone":6,"minecraft:stone":85,"minecraft:moss_block":6},"minecraft:picked_up":{"minecraft:raw_iron":28,"minecraft:stick":17,"minecraft:crafting_table":3,"minecraft:cooked_porkchop":1,"minecraft:andesite":1,"minecraft:wooden_pickaxe":1,"minecraft:gravel":2,"biomesoplenty:fir_sapling":11,"biomesoplenty:fir_log":37,"minecraft:oak_log":12,"minecraft:spruce_sapling":6,"minecraft:spruce_log":24,"minecraft:mossy_cobblestone":3,"minecraft:dirt":21,"minecraft:moss_carpet":6,"minecraft:rotten_flesh":8,"minecraft:wheat_seeds":1,"minecraft:iron_ingot":2,"minecraft:emerald":1,"minecraft:rabbit":1,"minecraft:oak_sapling":7,"minecraft:moss_block":2,"minecraft:coal":46,"minecraft:cobblestone":77,"minecraft:furnace":2},"minecraft:broken":{"minecraft:stone_pickaxe":1},"minecraft:killed_by":{"minecraft:zombie":1},"minecraft:used":{"minecraft:stone_sword":11,"minecraft:stone_pickaxe":128,"minecraft:iron_pickaxe":74,"minecraft:wooden_pickaxe":17,"minecraft:dirt":8,"minecraft:crafting_table":2,"minecraft:furnace":2,"minecraft:cooked_porkchop":1,"minecraft:cooked_rabbit":1},"minecraft:killed":{"minecraft:goat":1,"minecraft:zombie":1},"minecraft:custom":{"minecraft:time_since_rest":36863,"minecraft:interact_with_furnace":13,"minecraft:sprint_one_cm":76142,"minecraft:damage_taken":355,"minecraft:walk_one_cm":133377,"minecraft:mob_kills":2,"minecraft:drop":7,"minecraft:damage_dealt":166,"minecraft:interact_with_crafting_table":14,"minecraft:fly_one_cm":26677,"minecraft:crouch_one_cm":328,"minecraft:play_time":48575,"minecraft:deaths":1,"minecraft:sneak_time":182,"minecraft:jump":621,"minecraft:walk_on_water_one_cm":833,"minecraft:time_since_death":36549,"minecraft:total_world_time":48575,"minecraft:fall_one_cm":2688,"minecraft:gravestones_collected":1}},"DataVersion":3953}