{"stats":{"minecraft:dropped":{"minecraft:iron_ingot":4,"minecraft:crafting_table":1,"minecraft:rotten_flesh":6},"minecraft:crafted":{"minecraft:stone_shovel":1,"minecraft:iron_pickaxe":1,"minecraft:iron_ingot":3,"minecraft:stone_pickaxe":3,"minecraft:stone_sword":1,"minecraft:campfire":1,"minecraft:stone_axe":1},"minecraft:mined":{"minecraft:large_fern":5,"minecraft:furnace":1,"minecraft:mossy_cobblestone":2,"minecraft:iron_ore":20,"minecraft:andesite":1,"minecraft:spruce_log":24,"minecraft:glow_lichen":1,"biomesoplenty:fir_log":37,"minecraft:crafting_table":2,"minecraft:short_grass":2,"minecraft:emerald_ore":1,"minecraft:oak_log":12,"minecraft:grass_block":4,"minecraft:coal_ore":42,"minecraft:gravel":2,"minecraft:dirt":31,"minecraft:cobblestone":5,"minecraft:stone":84},"minecraft:picked_up":{"minecraft:raw_iron":20,"minecraft:stick":17,"minecraft:crafting_table":3,"minecraft:andesite":1,"minecraft:wooden_pickaxe":1,"minecraft:gravel":2,"biomesoplenty:fir_sapling":11,"biomesoplenty:fir_log":37,"minecraft:oak_log":12,"minecraft:spruce_sapling":6,"minecraft:spruce_log":24,"minecraft:mossy_cobblestone":2,"minecraft:dirt":21,"minecraft:moss_carpet":2,"minecraft:rotten_flesh":8,"minecraft:wheat_seeds":1,"minecraft:iron_ingot":2,"minecraft:emerald":1,"minecraft:rabbit":1,"minecraft:oak_sapling":7,"minecraft:coal":42,"minecraft:cobblestone":77,"minecraft:furnace":2},"minecraft:killed_by":{"minecraft:zombie":1},"minecraft:used":{"minecraft:stone_pickaxe":112,"minecraft:iron_pickaxe":62,"minecraft:wooden_pickaxe":17,"minecraft:dirt":7,"minecraft:crafting_table":1,"minecraft:furnace":1},"minecraft:killed":{"minecraft:zombie":1},"minecraft:custom":{"minecraft:time_since_rest":24863,"minecraft:interact_with_furnace":6,"minecraft:sprint_one_cm":70646,"minecraft:damage_taken":355,"minecraft:walk_one_cm":113673,"minecraft:mob_kills":1,"minecraft:drop":6,"minecraft:damage_dealt":66,"minecraft:interact_with_crafting_table":13,"minecraft:fly_one_cm":25239,"minecraft:crouch_one_cm":283,"minecraft:play_time":36575,"minecraft:deaths":1,"minecraft:sneak_time":81,"minecraft:jump":551,"minecraft:walk_on_water_one_cm":833,"minecraft:time_since_death":24549,"minecraft:total_world_time":36575,"minecraft:fall_one_cm":2479,"minecraft:gravestones_collected":1}},"DataVersion":3953}