{"stats":{"minecraft:dropped":{"minecraft:crafting_table":1},"minecraft:crafted":{"minecraft:stone_pickaxe":1},"minecraft:mined":{"minecraft:large_fern":5,"minecraft:short_grass":1,"minecraft:grass_block":1,"minecraft:stone":16,"minecraft:spruce_log":24,"minecraft:crafting_table":1},"minecraft:picked_up":{"minecraft:stick":3,"minecraft:crafting_table":2,"minecraft:wheat_seeds":1,"minecraft:wooden_pickaxe":1,"minecraft:spruce_sapling":6,"minecraft:rabbit":1,"minecraft:spruce_log":24,"minecraft:dirt":1,"minecraft:cobblestone":15},"minecraft:killed_by":{"minecraft:zombie":1},"minecraft:used":{"minecraft:stone_pickaxe":6,"minecraft:wooden_pickaxe":17},"minecraft:killed":{"minecraft:zombie":1},"minecraft:custom":{"minecraft:time_since_rest":863,"minecraft:crouch_one_cm":64,"minecraft:play_time":12575,"minecraft:sprint_one_cm":38544,"minecraft:deaths":1,"minecraft:damage_taken":250,"minecraft:walk_one_cm":36691,"minecraft:sneak_time":7,"minecraft:mob_kills":1,"minecraft:drop":1,"minecraft:jump":257,"minecraft:damage_dealt":58,"minecraft:time_since_death":549,"minecraft:total_world_time":12575,"minecraft:interact_with_crafting_table":6,"minecraft:fall_one_cm":1167,"minecraft:fly_one_cm":14197}},"DataVersion":3953}