{"stats":{"minecraft:dropped":{"minecraft:crafting_table":1},"minecraft:crafted":{"minecraft:stone_shovel":1,"minecraft:stone_pickaxe":3,"minecraft:stone_axe":1},"minecraft:mined":{"minecraft:large_fern":5,"minecraft:mossy_cobblestone":2,"minecraft:spruce_log":24,"minecraft:crafting_table":1,"minecraft:short_grass":2,"minecraft:oak_log":12,"minecraft:grass_block":4,"minecraft:coal_ore":7,"minecraft:dirt":31,"minecraft:cobblestone":3,"minecraft:stone":84},"minecraft:picked_up":{"minecraft:stick":11,"minecraft:crafting_table":2,"minecraft:wooden_pickaxe":1,"minecraft:oak_log":12,"minecraft:spruce_sapling":6,"minecraft:spruce_log":24,"minecraft:mossy_cobblestone":2,"minecraft:dirt":21,"minecraft:moss_carpet":2,"minecraft:rotten_flesh":2,"minecraft:wheat_seeds":1,"minecraft:rabbit":1,"minecraft:oak_sapling":7,"minecraft:coal":7,"minecraft:cobblestone":75,"minecraft:furnace":1},"minecraft:killed_by":{"minecraft:zombie":1},"minecraft:used":{"minecraft:stone_pickaxe":110,"minecraft:wooden_pickaxe":17,"minecraft:dirt":7,"minecraft:crafting_table":1,"minecraft:furnace":1},"minecraft:killed":{"minecraft:zombie":1},"minecraft:custom":{"minecraft:time_since_rest":12863,"minecraft:interact_with_furnace":1,"minecraft:sprint_one_cm":70646,"minecraft:damage_taken":355,"minecraft:walk_one_cm":73356,"minecraft:mob_kills":1,"minecraft:drop":1,"minecraft:damage_dealt":66,"minecraft:interact_with_crafting_table":10,"minecraft:fly_one_cm":24922,"minecraft:crouch_one_cm":64,"minecraft:play_time":24575,"minecraft:deaths":1,"minecraft:sneak_time":7,"minecraft:jump":362,"minecraft:time_since_death":12549,"minecraft:total_world_time":24575,"minecraft:fall_one_cm":1852,"minecraft:gravestones_collected":1}},"DataVersion":3953}