{"stats":{"minecraft:custom":{"minecraft:jump":12,"minecraft:time_since_rest":4927,"minecraft:crouch_one_cm":282,"minecraft:sprint_one_cm":609,"minecraft:leave_game":2,"minecraft:play_time":4927,"minecraft:damage_taken":10,"minecraft:time_since_death":4927,"minecraft:walk_one_cm":2505,"minecraft:sneak_time":57,"minecraft:total_world_time":4927,"minecraft:fall_one_cm":335,"minecraft:fly_one_cm":552},"minecraft:picked_up":{"minecraft:dirt":2},"minecraft:mined":{"minecraft:dirt_path":2}},"DataVersion":3463}