{"stats":{"minecraft:mined":{"minecraft:dirt_path":2},"minecraft:used":{"simpleplanes:helicopter":1,"simpleplanes:large_plane":1},"minecraft:custom":{"minecraft:jump":20,"minecraft:time_since_rest":18561,"minecraft:crouch_one_cm":796,"minecraft:leave_game":6,"minecraft:play_time":18561,"minecraft:sprint_one_cm":609,"minecraft:damage_taken":10,"minecraft:time_since_death":18561,"minecraft:walk_one_cm":6643,"minecraft:sneak_time":143,"minecraft:total_world_time":18561,"minecraft:fall_one_cm":335,"minecraft:fly_one_cm":15557},"minecraft:picked_up":{"minecraft:dirt":2}},"DataVersion":3463}