{
  "minecraft:recipes/redstone/lever": {
    "criteria": {
      "has_cobblestone": "2024-08-04 06:36:28 +0000"
    },
    "done": true
  },
  "minecraft:recipes/decorations/ladder": {
    "criteria": {
      "has_stick": "2024-08-04 06:35:56 +0000"
    },
    "done": true
  },
  "mcwfences:recipes/stone": {
    "criteria": {
      "has_stone": "2024-08-04 06:34:55 +0000"
    },
    "done": true
  },
  "mcwroofs:recipes/spruce": {
    "criteria": {
      "has_planks": "2024-08-04 06:34:55 +0000"
    },
    "done": true
  },
  "mcwfences:recipes/end": {
    "criteria": {
      "has_end_brick": "2024-08-04 06:34:55 +0000"
    },
    "done": true
  },
  "travelersbackpack:recipes/misc/coal": {
    "criteria": {
      "has_coal": "2024-08-04 06:37:39 +0000"
    },
    "done": true
  },
  "minecraft:recipes/food/cooked_mutton_from_smoking": {
    "criteria": {
      "has_mutton": "2024-08-04 06:40:38 +0000"
    },
    "done": true
  },
  "mcwwindows:recipes/diorite": {
    "criteria": {
      "has_the_recipe": "2024-08-04 06:40:19 +0000"
    },
    "done": true
  },
  "mcwbridges:recipes/spruce_bridge_pier": {
    "criteria": {
      "has_planks": "2024-08-04 06:34:55 +0000"
    },
    "done": true
  },
  "mcwwindows:recipes/warped": {
    "criteria": {
      "has_the_recipe": "2024-08-04 06:40:19 +0000"
    },
    "done": true
  },
  "mcwbridges:recipes/spruce_rail_bridge": {
    "criteria": {
      "has_planks": "2024-08-04 06:35:53 +0000"
    },
    "done": true
  },
  "mcwroofs:recipes/birch": {
    "criteria": {
      "has_planks": "2024-08-04 06:42:54 +0000"
    },
    "done": true
  },
  "smallships:recipes/combat/cannon": {
    "criteria": {
      "has_ship": "2024-08-04 06:34:55 +0000"
    },
    "done": true
  },
  "minecraft:recipes/combat/stone_sword": {
    "criteria": {
      "has_cobblestone": "2024-08-04 06:36:28 +0000"
    },
    "done": true
  },
  "minecraft:recipes/decorations/cobblestone_wall": {
    "criteria": {
      "has_cobblestone": "2024-08-04 06:36:28 +0000"
    },
    "done": true
  },
  "mcwwindows:recipes/oak": {
    "criteria": {
      "has_wood": "2024-08-04 06:40:19 +0000",
      "has_the_recipe": "2024-08-04 06:40:19 +0000"
    },
    "done": true
  },
  "mcwfences:recipes/dark_oak": {
    "criteria": {
      "has_dark_oak": "2024-08-04 06:34:55 +0000"
    },
    "done": true
  },
  "minecraft:recipes/tools/stone_axe": {
    "criteria": {
      "has_cobblestone": "2024-08-04 06:36:28 +0000"
    },
    "done": true
  },
  "mcwbridges:recipes/rope_spruce_bridge": {
    "criteria": {
      "has_planks": "2024-08-04 06:35:53 +0000"
    },
    "done": true
  },
  "mcwwindows:recipes/dark_oak": {
    "criteria": {
      "has_the_recipe": "2024-08-04 06:40:19 +0000"
    },
    "done": true
  },
  "minecraft:story/mine_stone": {
    "criteria": {
      "get_stone": "2024-08-04 06:36:28 +0000"
    },
    "done": true
  },
  "minecraft:recipes/decorations/furnace": {
    "criteria": {
      "has_cobblestone": "2024-08-04 06:36:28 +0000"
    },
    "done": true
  },
  "mcwfences:recipes/crimson": {
    "criteria": {
      "has_crimson": "2024-08-04 06:34:55 +0000"
    },
    "done": true
  },
  "mcwfences:recipes/prismarine": {
    "criteria": {
      "has_qq": "2024-08-04 06:34:55 +0000"
    },
    "done": true
  },
  "mcwwindows:recipes/curtains": {
    "criteria": {
      "has_wood": "2024-08-04 06:40:38 +0000"
    },
    "done": true
  },
  "mcwfences:recipes/quartz": {
    "criteria": {
      "has_qq": "2024-08-04 06:34:55 +0000"
    },
    "done": true
  },
  "minecraft:recipes/tools/wooden_axe": {
    "criteria": {
      "has_stick": "2024-08-04 06:35:56 +0000"
    },
    "done": true
  },
  "minecraft:recipes/decorations/spruce_sign": {
    "criteria": {
      "has_planks": "2024-08-04 06:35:53 +0000"
    },
    "done": true
  },
  "mcwfences:recipes/sandstone": {
    "criteria": {
      "has_sand": "2024-08-04 06:34:55 +0000"
    },
    "done": true
  },
  "minecraft:recipes/decorations/painting": {
    "criteria": {
      "has_wool": "2024-08-04 06:40:38 +0000"
    },
    "done": true
  },
  "minecraft:recipes/food/cooked_rabbit": {
    "criteria": {
      "has_rabbit": "2024-08-04 06:40:02 +0000"
    },
    "done": true
  },
  "mcwwindows:recipes/blackstone": {
    "criteria": {
      "has_the_recipe": "2024-08-04 06:40:19 +0000"
    },
    "done": true
  },
  "mcwbridges:recipes/birch_bridge_pier": {
    "criteria": {
      "has_planks": "2024-08-04 06:42:54 +0000"
    },
    "done": true
  },
  "mcwfences:recipes/acacia": {
    "criteria": {
      "has_acacia": "2024-08-04 06:34:55 +0000"
    },
    "done": true
  },
  "mcwroofs:recipes/spruce_planks": {
    "criteria": {
      "has_planks": "2024-08-04 06:35:53 +0000"
    },
    "done": true
  },
  "travelersbackpack:recipes/misc/crafting_upgrade": {
    "criteria": {
      "has_crafting_table": "2024-08-04 06:35:58 +0000"
    },
    "done": true
  },
  "minecraft:recipes/decorations/smoker": {
    "criteria": {
      "has_furnace": "2024-08-04 06:44:18 +0000"
    },
    "done": true
  },
  "minecraft:recipes/decorations/crafting_table": {
    "criteria": {
      "unlock_right_away": "2024-08-04 06:34:13 +0000"
    },
    "done": true
  },
  "minecraft:recipes/decorations/chest": {
    "criteria": {
      "has_lots_of_items": "2024-08-04 06:38:33 +0000"
    },
    "done": true
  },
  "minecraft:recipes/misc/stick": {
    "criteria": {
      "has_planks": "2024-08-04 06:35:53 +0000"
    },
    "done": true
  },
  "mcwwindows:recipes/dark_prismarine": {
    "criteria": {
      "has_the_recipe": "2024-08-04 06:40:19 +0000"
    },
    "done": true
  },
  "mcwfences:recipes/jungle": {
    "criteria": {
      "has_jungle": "2024-08-04 06:34:55 +0000"
    },
    "done": true
  },
  "minecraft:recipes/food/cooked_rabbit_from_smoking": {
    "criteria": {
      "has_rabbit": "2024-08-04 06:40:02 +0000"
    },
    "done": true
  },
  "mcwfences:recipes/oak": {
    "criteria": {
      "has_oak": "2024-08-04 06:34:55 +0000"
    },
    "done": true
  },
  "mcwfurnitures:recipes/birch": {
    "criteria": {
      "has_wood": "2024-08-04 06:42:54 +0000"
    },
    "done": true
  },
  "minecraft:recipes/misc/red_dye_from_rose_bush": {
    "criteria": {
      "has_rose_bush": "2024-08-04 06:40:09 +0000"
    },
    "done": true
  },
  "biomesoplenty:biomesoplenty/all_biomes": {
    "criteria": {
      "field": "2024-08-04 06:46:18 +0000",
      "highland": "2024-08-04 06:41:09 +0000",
      "crag": "2024-08-04 06:41:08 +0000",
      "coniferous_forest": "2024-08-04 06:40:46 +0000"
    },
    "done": false
  },
  "minecraft:recipes/food/cooked_rabbit_from_campfire_cooking": {
    "criteria": {
      "has_rabbit": "2024-08-04 06:40:02 +0000"
    },
    "done": true
  },
  "minecraft:recipes/building_blocks/cobblestone_slab_from_cobblestone_stonecutting": {
    "criteria": {
      "has_cobblestone": "2024-08-04 06:36:28 +0000"
    },
    "done": true
  },
  "minecraft:adventure/kill_all_mobs": {
    "criteria": {
      "minecraft:zombie": "2024-08-04 06:45:31 +0000"
    },
    "done": false
  },
  "minecraft:recipes/building_blocks/birch_wood": {
    "criteria": {
      "has_log": "2024-08-04 06:42:54 +0000"
    },
    "done": true
  },
  "mcwwindows:recipes/sandstone": {
    "criteria": {
      "has_the_recipe": "2024-08-04 06:40:19 +0000"
    },
    "done": true
  },
  "mcwfences:recipes/mud_brick": {
    "criteria": {
      "has_qq": "2024-08-04 06:34:55 +0000"
    },
    "done": true
  },
  "mcwfences:recipes/mangrove": {
    "criteria": {
      "has_mangrove": "2024-08-04 06:34:55 +0000"
    },
    "done": true
  },
  "mcwfences:recipes/warped": {
    "criteria": {
      "has_warped": "2024-08-04 06:34:55 +0000"
    },
    "done": true
  },
  "minecraft:recipes/building_blocks/spruce_wood": {
    "criteria": {
      "has_log": "2024-08-04 06:34:55 +0000"
    },
    "done": true
  },
  "mcwwindows:recipes/components": {
    "criteria": {
      "has_wood": "2024-08-04 06:40:19 +0000"
    },
    "done": true
  },
  "mcwfences:recipes/blackstone": {
    "criteria": {
      "has_blackstone": "2024-08-04 06:34:55 +0000"
    },
    "done": true
  },
  "minecraft:recipes/building_blocks/stone": {
    "criteria": {
      "has_cobblestone": "2024-08-04 06:36:28 +0000"
    },
    "done": true
  },
  "mcwwindows:recipes/curtain_rods": {
    "criteria": {
      "has_wood": "2024-08-04 06:35:56 +0000"
    },
    "done": true
  },
  "travelersbackpack:recipes/decorations/white_sleeping_bag": {
    "criteria": {
      "has_white_wool": "2024-08-04 06:40:38 +0000"
    },
    "done": true
  },
  "mcwdoors:recipes/birch": {
    "criteria": {
      "has_wood": "2024-08-04 06:42:54 +0000"
    },
    "done": true
  },
  "mcwfences:recipes/hedge": {
    "criteria": {
      "has_birch": "2024-08-04 06:34:55 +0000"
    },
    "done": true
  },
  "minecraft:husbandry/root": {
    "criteria": {
      "consumed_item": "2024-08-04 06:42:31 +0000"
    },
    "done": true
  },
  "mcwfences:recipes/nether": {
    "criteria": {
      "has_nether_brick": "2024-08-04 06:34:55 +0000"
    },
    "done": true
  },
  "minecraft:recipes/decorations/spruce_fence": {
    "criteria": {
      "has_planks": "2024-08-04 06:35:53 +0000"
    },
    "done": true
  },
  "minecraft:recipes/decorations/white_carpet": {
    "criteria": {
      "has_white_wool": "2024-08-04 06:40:38 +0000"
    },
    "done": true
  },
  "minecraft:recipes/building_blocks/coal_block": {
    "criteria": {
      "has_coal": "2024-08-04 06:37:39 +0000"
    },
    "done": true
  },
  "minecraft:recipes/building_blocks/spruce_slab": {
    "criteria": {
      "has_planks": "2024-08-04 06:35:53 +0000"
    },
    "done": true
  },
  "mcwwindows:recipes/birch": {
    "criteria": {
      "has_the_recipe": "2024-08-04 06:40:19 +0000"
    },
    "done": true
  },
  "mcwwindows:recipes/cherry": {
    "criteria": {
      "has_the_recipe": "2024-08-04 06:40:19 +0000"
    },
    "done": true
  },
  "minecraft:recipes/redstone/spruce_button": {
    "criteria": {
      "has_planks": "2024-08-04 06:35:53 +0000"
    },
    "done": true
  },
  "minecraft:recipes/decorations/torch": {
    "criteria": {
      "has_stone_pickaxe": "2024-08-04 06:36:54 +0000"
    },
    "done": true
  },
  "mcwbridges:recipes/cobblestone_bridge": {
    "criteria": {
      "has_planks": "2024-08-04 06:36:28 +0000"
    },
    "done": true
  },
  "minecraft:recipes/building_blocks/spruce_planks": {
    "criteria": {
      "has_logs": "2024-08-04 06:34:55 +0000"
    },
    "done": true
  },
  "mcwfences:recipes/bamboo": {
    "criteria": {
      "has_bamboo": "2024-08-04 06:34:55 +0000"
    },
    "done": true
  },
  "mcwwindows:recipes/granite": {
    "criteria": {
      "has_the_recipe": "2024-08-04 06:40:19 +0000"
    },
    "done": true
  },
  "mcwfences:recipes/deepslate": {
    "criteria": {
      "has_deepslate": "2024-08-04 06:34:55 +0000"
    },
    "done": true
  },
  "mcwwindows:recipes/andesite": {
    "criteria": {
      "has_the_recipe": "2024-08-04 06:40:19 +0000"
    },
    "done": true
  },
  "mcwbridges:recipes/oak_bridge_pier": {
    "criteria": {
      "has_planks": "2024-08-04 06:40:19 +0000"
    },
    "done": true
  },
  "minecraft:recipes/building_blocks/birch_planks": {
    "criteria": {
      "has_logs": "2024-08-04 06:42:54 +0000"
    },
    "done": true
  },
  "minecraft:recipes/redstone/spruce_pressure_plate": {
    "criteria": {
      "has_planks": "2024-08-04 06:35:53 +0000"
    },
    "done": true
  },
  "mcwwindows:recipes/mangrove": {
    "criteria": {
      "has_the_recipe": "2024-08-04 06:40:19 +0000"
    },
    "done": true
  },
  "minecraft:recipes/tools/stone_pickaxe": {
    "criteria": {
      "has_cobblestone": "2024-08-04 06:36:28 +0000"
    },
    "done": true
  },
  "mcwlights:recipes/paper_lamp": {
    "criteria": {
      "has_the_recipe": "2024-08-04 06:36:54 +0000"
    },
    "done": true
  },
  "mcwwindows:recipes/quartz": {
    "criteria": {
      "has_the_recipe": "2024-08-04 06:40:19 +0000"
    },
    "done": true
  },
  "mcwbridges:recipes/spruce_log_bridge_middle": {
    "criteria": {
      "has_planks": "2024-08-04 06:35:53 +0000"
    },
    "done": true
  },
  "minecraft:recipes/food/cooked_mutton": {
    "criteria": {
      "has_mutton": "2024-08-04 06:40:38 +0000"
    },
    "done": true
  },
  "minecraft:recipes/food/rabbit_stew_from_brown_mushroom": {
    "criteria": {
      "has_cooked_rabbit": "2024-08-04 06:44:55 +0000"
    },
    "done": true
  },
  "minecraft:recipes/decorations/campfire": {
    "criteria": {
      "has_stick": "2024-08-04 06:35:56 +0000"
    },
    "done": true
  },
  "mcwroofs:recipes/oak": {
    "criteria": {
      "has_planks": "2024-08-04 06:40:19 +0000"
    },
    "done": true
  },
  "mcwfences:recipes/spruce": {
    "criteria": {
      "has_spruce": "2024-08-04 06:34:55 +0000"
    },
    "done": true
  },
  "minecraft:recipes/tools/wooden_hoe": {
    "criteria": {
      "has_stick": "2024-08-04 06:35:56 +0000"
    },
    "done": true
  },
  "mcwbridges:recipes/cobblestone_bridge_pier": {
    "criteria": {
      "has_planks": "2024-08-04 06:36:28 +0000"
    },
    "done": true
  },
  "travelersbackpack:recipes/misc/sheep": {
    "criteria": {
      "has_white_wool": "2024-08-04 06:40:38 +0000"
    },
    "done": true
  },
  "minecraft:recipes/decorations/white_banner": {
    "criteria": {
      "has_white_wool": "2024-08-04 06:40:38 +0000"
    },
    "done": true
  },
  "minecraft:recipes/misc/charcoal": {
    "criteria": {
      "has_log": "2024-08-04 06:34:55 +0000"
    },
    "done": true
  },
  "minecraft:recipes/tools/wooden_pickaxe": {
    "criteria": {
      "has_stick": "2024-08-04 06:35:56 +0000"
    },
    "done": true
  },
  "mcwwindows:recipes/red_sandstone": {
    "criteria": {
      "has_the_recipe": "2024-08-04 06:40:19 +0000"
    },
    "done": true
  },
  "minecraft:story/upgrade_tools": {
    "criteria": {
      "stone_pickaxe": "2024-08-04 06:36:54 +0000"
    },
    "done": true
  },
  "mcwfurnitures:recipes/spruce": {
    "criteria": {
      "has_wood": "2024-08-04 06:34:55 +0000"
    },
    "done": true
  },
  "biomesoplenty:biomesoplenty/root": {
    "criteria": {
      "coniferous_forest": "2024-08-04 06:40:46 +0000"
    },
    "done": true
  },
  "mcwwindows:recipes/spruce": {
    "criteria": {
      "has_wood": "2024-08-04 06:34:55 +0000"
    },
    "done": true
  },
  "minecraft:recipes/redstone/spruce_trapdoor": {
    "criteria": {
      "has_planks": "2024-08-04 06:35:53 +0000"
    },
    "done": true
  },
  "mcwbridges:recipes/bridge_lantern": {
    "criteria": {
      "has_planks": "2024-08-04 06:37:39 +0000"
    },
    "done": true
  },
  "minecraft:recipes/food/cooked_mutton_from_campfire_cooking": {
    "criteria": {
      "has_mutton": "2024-08-04 06:40:38 +0000"
    },
    "done": true
  },
  "minecraft:recipes/redstone/spruce_door": {
    "criteria": {
      "has_planks": "2024-08-04 06:35:53 +0000"
    },
    "done": true
  },
  "minecraft:recipes/redstone/spruce_fence_gate": {
    "criteria": {
      "has_planks": "2024-08-04 06:35:53 +0000"
    },
    "done": true
  },
  "minecraft:recipes/tools/wooden_shovel": {
    "criteria": {
      "has_stick": "2024-08-04 06:35:56 +0000"
    },
    "done": true
  },
  "mcwdoors:recipes/spruce": {
    "criteria": {
      "has_wood": "2024-08-04 06:34:55 +0000"
    },
    "done": true
  },
  "minecraft:recipes/building_blocks/cobblestone_slab": {
    "criteria": {
      "has_cobblestone": "2024-08-04 06:36:28 +0000"
    },
    "done": true
  },
  "biomesoplenty:recipes/building_blocks/fir_wood": {
    "criteria": {
      "has_log": "2024-08-04 06:41:04 +0000"
    },
    "done": true
  },
  "minecraft:adventure/root": {
    "criteria": {
      "killed_something": "2024-08-04 06:40:02 +0000"
    },
    "done": true
  },
  "mcwwindows:recipes/acacia": {
    "criteria": {
      "has_the_recipe": "2024-08-04 06:40:19 +0000"
    },
    "done": true
  },
  "mcwbridges:recipes/cobblestone_bridge_stair": {
    "criteria": {
      "has_planks": "2024-08-04 06:36:28 +0000"
    },
    "done": true
  },
  "mcwbridges:recipes/balustrade_cobblestone_bridge": {
    "criteria": {
      "has_planks": "2024-08-04 06:36:28 +0000"
    },
    "done": true
  },
  "minecraft:recipes/misc/blue_dye_from_cornflower": {
    "criteria": {
      "has_cornflower": "2024-08-04 06:40:46 +0000"
    },
    "done": true
  },
  "mcwwindows:recipes/bricks": {
    "criteria": {
      "has_the_recipe": "2024-08-04 06:40:19 +0000"
    },
    "done": true
  },
  "minecraft:recipes/combat/wooden_sword": {
    "criteria": {
      "has_stick": "2024-08-04 06:35:56 +0000"
    },
    "done": true
  },
  "minecraft:recipes/building_blocks/oak_planks": {
    "criteria": {
      "has_logs": "2024-08-04 06:40:19 +0000"
    },
    "done": true
  },
  "mcwfurnitures:recipes/oak": {
    "criteria": {
      "has_wood": "2024-08-04 06:40:19 +0000"
    },
    "done": true
  },
  "minecraft:adventure/kill_a_mob": {
    "criteria": {
      "minecraft:zombie": "2024-08-04 06:45:31 +0000"
    },
    "done": true
  },
  "minecraft:adventure/adventuring_time": {
    "criteria": {
      "minecraft:forest": "2024-08-04 06:40:09 +0000",
      "minecraft:taiga": "2024-08-04 06:34:13 +0000",
      "minecraft:grove": "2024-08-04 06:42:08 +0000",
      "minecraft:stony_shore": "2024-08-04 06:34:54 +0000"
    },
    "done": false
  },
  "minecraft:recipes/decorations/barrel": {
    "criteria": {
      "has_planks": "2024-08-04 06:35:53 +0000"
    },
    "done": true
  },
  "mcwbridges:recipes/bridge_torch": {
    "criteria": {
      "has_planks": "2024-08-04 06:45:06 +0000"
    },
    "done": true
  },
  "minecraft:recipes/decorations/cobblestone_wall_from_cobblestone_stonecutting": {
    "criteria": {
      "has_cobblestone": "2024-08-04 06:36:28 +0000"
    },
    "done": true
  },
  "mcwwindows:recipes/stone": {
    "criteria": {
      "has_the_recipe": "2024-08-04 06:40:19 +0000"
    },
    "done": true
  },
  "minecraft:recipes/building_blocks/cobblestone_stairs_from_cobblestone_stonecutting": {
    "criteria": {
      "has_cobblestone": "2024-08-04 06:36:28 +0000"
    },
    "done": true
  },
  "minecraft:recipes/decorations/white_bed": {
    "criteria": {
      "has_white_wool": "2024-08-04 06:40:38 +0000"
    },
    "done": true
  },
  "minecraft:recipes/food/rabbit_stew_from_red_mushroom": {
    "criteria": {
      "has_cooked_rabbit": "2024-08-04 06:44:55 +0000"
    },
    "done": true
  },
  "mcwlights:recipes/tiki_torches": {
    "criteria": {
      "has_the_recipe": "2024-08-04 06:36:54 +0000"
    },
    "done": true
  },
  "mcwdoors:recipes/oak": {
    "criteria": {
      "has_wood": "2024-08-04 06:40:19 +0000"
    },
    "done": true
  },
  "minecraft:husbandry/balanced_diet": {
    "criteria": {
      "apple": "2024-08-04 06:42:31 +0000",
      "cooked_rabbit": "2024-08-04 06:47:06 +0000",
      "cooked_mutton": "2024-08-04 06:44:50 +0000"
    },
    "done": false
  },
  "minecraft:recipes/building_blocks/cobblestone_stairs": {
    "criteria": {
      "has_cobblestone": "2024-08-04 06:36:28 +0000"
    },
    "done": true
  },
  "mcwwindows:recipes/prismarine": {
    "criteria": {
      "has_the_recipe": "2024-08-04 06:40:19 +0000"
    },
    "done": true
  },
  "mcwwindows:recipes/crimson": {
    "criteria": {
      "has_the_recipe": "2024-08-04 06:40:19 +0000"
    },
    "done": true
  },
  "biomesoplenty:recipes/building_blocks/fir_planks": {
    "criteria": {
      "has_logs": "2024-08-04 06:41:04 +0000"
    },
    "done": true
  },
  "minecraft:recipes/tools/stone_hoe": {
    "criteria": {
      "has_cobblestone": "2024-08-04 06:36:28 +0000"
    },
    "done": true
  },
  "minecraft:recipes/building_blocks/spruce_stairs": {
    "criteria": {
      "has_planks": "2024-08-04 06:35:53 +0000"
    },
    "done": true
  },
  "biomesoplenty:recipes/food/rabbit_stew_from_toadstool": {
    "criteria": {
      "has_cooked_rabbit": "2024-08-04 06:44:55 +0000"
    },
    "done": true
  },
  "mcwwindows:recipes/deepslate": {
    "criteria": {
      "has_the_recipe": "2024-08-04 06:40:19 +0000"
    },
    "done": true
  },
  "mcwwindows:recipes/metal": {
    "criteria": {
      "has_the_recipe": "2024-08-04 06:40:19 +0000"
    },
    "done": true
  },
  "mcwroofs:recipes/cobblestone": {
    "criteria": {
      "has_planks": "2024-08-04 06:36:28 +0000"
    },
    "done": true
  },
  "minecraft:recipes/tools/stone_shovel": {
    "criteria": {
      "has_cobblestone": "2024-08-04 06:36:28 +0000"
    },
    "done": true
  },
  "mcwfences:recipes/birch": {
    "criteria": {
      "has_birch": "2024-08-04 06:34:55 +0000"
    },
    "done": true
  },
  "minecraft:recipes/building_blocks/oak_wood": {
    "criteria": {
      "has_log": "2024-08-04 06:40:19 +0000"
    },
    "done": true
  },
  "minecraft:story/root": {
    "criteria": {
      "crafting_table": "2024-08-04 06:35:58 +0000"
    },
    "done": true
  },
  "mcwlights:recipes/lantern": {
    "criteria": {
      "has_the_recipe": "2024-08-04 06:36:54 +0000"
    },
    "done": true
  },
  "mcwlights:recipes/torches": {
    "criteria": {
      "has_the_recipe": "2024-08-04 06:36:54 +0000"
    },
    "done": true
  },
  "mcwwindows:recipes/jungle": {
    "criteria": {
      "has_the_recipe": "2024-08-04 06:40:19 +0000"
    },
    "done": true
  },
  "gravestones:recipes/decorations/gravestone": {
    "criteria": {
      "has_stick": "2024-08-04 06:35:56 +0000"
    },
    "done": true
  },
  "mcwroofs:recipes/awning": {
    "criteria": {
      "has_planks": "2024-08-04 06:40:38 +0000"
    },
    "done": true
  },
  "DataVersion": 3953
}